{"_step":30960,"VLA Train/Loss":0.1435546875,"VLA Train/Curr Action L1 Loss":0.1640625,"_wandb":{"runtime":10427},"_runtime":10427.133167406,"VLA Train/Next Actions L1 Loss":0.140625,"_timestamp":1.7605904643990896e+09,"VLA Train/Learning Rate":0.0005}