{"_wandb":{"runtime":261},"_runtime":261.377832406,"VLA Train/Learning Rate":0.0005,"_step":720,"VLA Train/Loss":0.271484375,"VLA Train/Curr Action L1 Loss":0.26953125,"VLA Train/Next Actions L1 Loss":0.271484375,"_timestamp":1.7605795904962504e+09}