{"VLA Train/Curr Action L1 Loss":0.0799102783203125,"VLA Train/Next Actions L1 Loss":0.033172607421875,"_wandb":{"runtime":67079},"_runtime":67079.029222933,"_timestamp":1.7612538340335085e+09,"VLA Train/Learning Rate":5e-05,"_step":100000,"VLA Train/Loss":0.039093017578125}