{"VLA Train/Next Actions L1 Loss":0.2890625,"_timestamp":1.7605799786234725e+09,"VLA Train/Learning Rate":0.0005,"_wandb":{"runtime":326},"_runtime":326.151127066,"_step":230,"VLA Train/Loss":0.29443359375,"VLA Train/Curr Action L1 Loss":0.33203125}